<?xml version="1.0" encoding="UTF-8"?>
    <addon id="repository.dnow" name="Fast dis" version="0.1.0" provider-name="Motch">
        <requires>
            <import addon="xbmc.addon" version="12.0.0"/>
        </requires>
        <extension point="xbmc.addon.repository" name="Fast dis">
            <info compressed="false">https://raw.githubusercontent.com/plusroms/repoact.github.io/master/_repo/addons.xml</info>
            <checksum>https://raw.githubusercontent.com/plusroms/repoact.github.io/master/_repo/addons.xml.md5</checksum>
            <datadir zip="true">https://raw.githubusercontent.com/plusroms/repoact.github.io/master/_repo/</datadir>
            <hashes>false</hashes>
        </extension>
        <extension point="xbmc.addon.metadata">
            <summary>fsfs</summary>
            <description>The description can be longer</description>
            <platform>all</platform>
    </extension>
</addon>